train_acc,train_loss,val_acc,val_loss
0.026357894736842104,4.379912,0.042800000000000005,4.214392
