train_acc,train_loss,val_acc,val_loss
0.028757894736842107,4.379509,0.04800000000000001,4.209525
0.05204210526315791,4.1156316,0.055200000000000006,4.0846105
0.07381052631578948,3.9454515,0.08439999999999999,3.840934
0.08947368421052633,3.8365722,0.10920000000000002,3.7251754
0.10458947368421054,3.7448967,0.10839999999999998,3.6767287
