train_acc,train_loss,val_acc,val_loss
0.04197894736842105,4.2649484,0.046000000000000006,4.2054787
