train_acc,train_loss,val_acc,val_loss
0.042800000000000005,4.2706823,0.0668,4.0784693
