train_acc,train_loss,val_acc,val_loss
0.04376842105263158,4.296818,0.05600000000000001,4.0678825
