train_acc,train_loss,val_acc,val_loss
0.041684210526315796,4.257292,0.055999999999999994,4.0152287
