train_acc,train_loss,val_acc,val_loss
0.009452631578947369,4.6086082,0.0104,4.6067023
0.009410526315789475,4.606084,0.0092,4.606448
